City_ID,City,Country,Lat,Lng,Max Temp,Humidity,Cloudiness,Wind Speed,Current Description,Rain (inches),Snow (inches),Current Temp
0,Mataura,NZ,-46.19,168.86,42.44,91,99,5.19,overcast clouds,0.0,0.0,42.44
1,Palana,RU,59.12,159.97,54.55,91,60,3.44,broken clouds,0.0,0.0,54.55
2,Punta Arenas,CL,-53.15,-70.92,32.0,88,75,11.41,broken clouds,0.0,0.0,32.0
3,Puerto Ayora,EC,-0.74,-90.35,70.0,90,100,3.0,overcast clouds,0.0,0.0,70.0
4,Faanui,PF,-16.48,-151.75,77.95,81,33,21.56,scattered clouds,0.0,0.0,77.95
5,Rikitea,PF,-23.12,-134.97,67.51,66,79,19.06,broken clouds,0.0,0.0,67.51
6,Rocha,UY,-34.48,-54.33,54.91,70,100,11.97,overcast clouds,0.0,0.0,54.91
7,Klaksvik,FO,62.23,-6.59,48.2,66,64,11.41,broken clouds,0.0,0.0,48.2
8,Safaga,EG,26.73,33.94,89.6,33,0,11.41,clear sky,0.0,0.0,89.6
9,Ponta Delgada,PT,37.73,-25.67,68.0,77,75,5.82,broken clouds,0.0,0.0,68.0
10,Hermanus,ZA,-34.42,19.23,48.99,91,88,11.01,light rain,0.5,0.0,48.99
11,Kenai,US,60.55,-151.26,60.8,72,75,5.82,moderate rain,1.02,0.0,60.51
12,Busselton,AU,-33.65,115.33,39.99,82,0,11.01,clear sky,0.0,0.0,36.12
13,Jamestown,US,42.1,-79.24,87.8,43,20,9.17,few clouds,0.0,0.0,87.8
14,Sitka,US,57.05,-135.33,57.2,87,90,6.93,overcast clouds,0.0,0.0,57.2
15,Vardo,NO,70.37,31.11,46.4,100,75,9.17,broken clouds,0.0,0.0,46.4
16,Luderitz,NA,-26.65,15.16,55.4,93,0,12.75,clear sky,0.0,0.0,55.4
17,Corinto,GR,37.94,22.96,73.0,44,0,1.99,clear sky,0.0,0.0,73.0
18,Mokhsogollokh,RU,61.47,128.92,60.06,83,59,4.9,broken clouds,0.0,0.0,60.06
19,Caceres,ES,39.52,-6.37,87.01,39,0,1.01,clear sky,0.0,0.0,87.01
20,Hobart,AU,-42.88,147.33,39.99,93,90,5.82,overcast clouds,0.0,0.0,38.21
21,Cherskiy,RU,68.75,161.3,55.31,77,82,8.88,broken clouds,0.0,0.0,55.31
22,Ushuaia,AR,-54.8,-68.3,35.6,69,40,5.82,scattered clouds,0.0,0.0,35.6
23,Maumere,ID,-8.62,122.21,76.66,81,49,6.4,scattered clouds,0.0,0.0,76.66
24,Oistins,BB,13.07,-59.53,84.2,70,40,21.92,scattered clouds,0.0,0.0,84.2
25,Aitape,PG,-3.14,142.35,78.58,81,100,6.38,light rain,0.68,0.0,78.58
26,Qaanaaq,GL,77.48,-69.36,45.66,58,53,3.38,broken clouds,0.0,0.0,45.66
27,Ilhabela,BR,-23.78,-45.36,66.9,76,17,11.12,few clouds,0.0,0.0,66.9
28,Lasa,IT,46.62,10.7,59.0,93,40,5.82,scattered clouds,0.0,0.0,59.0
29,Hilo,US,19.73,-155.09,82.4,65,75,11.41,broken clouds,0.0,0.0,78.71
30,Port Alfred,ZA,-33.59,26.89,64.0,59,54,7.0,broken clouds,0.0,0.0,64.0
31,Bredasdorp,ZA,-34.53,20.04,50.0,81,57,10.29,broken clouds,0.0,0.0,50.0
32,Isla Mujeres,MX,21.23,-86.73,86.0,83,75,9.17,broken clouds,0.0,0.0,84.99
33,Puerto Escondido,MX,15.85,-97.07,86.0,70,90,11.41,overcast clouds,0.0,0.0,86.0
34,Severo-Kurilsk,RU,50.68,156.12,50.0,92,100,4.65,light rain,0.21,0.0,50.0
35,Vaini,TO,-21.2,-175.2,73.4,78,20,11.41,few clouds,0.0,0.0,73.4
36,Mar Del Plata,AR,-38.0,-57.56,48.2,87,75,16.11,broken clouds,0.0,0.0,47.37
37,Kaitangata,NZ,-46.28,169.85,42.01,79,56,9.86,broken clouds,0.0,0.0,42.01
38,Doha,QA,25.29,51.53,97.0,63,0,5.82,clear sky,0.0,0.0,95.14
39,Yellowknife,CA,62.46,-114.35,69.01,59,75,8.05,broken clouds,0.0,0.0,66.88
40,New Norfolk,AU,-42.78,147.06,39.0,93,100,2.53,overcast clouds,0.0,0.0,36.95
41,Talcahuano,CL,-36.72,-73.12,53.6,71,20,10.29,few clouds,0.0,0.0,53.6
42,Cape Town,ZA,-33.93,18.42,53.01,81,75,18.34,moderate rain,1.27,0.0,51.33
43,Fort Nelson,CA,58.81,-122.7,73.4,38,20,4.7,few clouds,0.0,0.0,73.4
44,Kapaa,US,22.08,-159.32,81.0,74,75,12.75,broken clouds,0.0,0.0,80.83
45,Iqaluit,CA,63.75,-68.51,48.2,70,40,8.05,scattered clouds,0.0,0.0,48.09
46,Bilma,NE,18.69,12.92,95.47,17,39,8.61,scattered clouds,0.0,0.0,95.47
47,Cabo San Lucas,MX,22.89,-109.91,91.0,66,20,11.41,few clouds,0.0,0.0,88.41
48,Deputatskiy,RU,69.3,139.9,60.19,58,32,3.2,scattered clouds,0.0,0.0,60.19
49,Butaritari,KI,3.07,172.79,83.08,76,100,14.38,moderate rain,2.56,0.0,83.08
50,Leningradskiy,RU,69.38,178.42,47.07,77,16,10.38,few clouds,0.0,0.0,47.07
51,Broome,US,42.25,-75.83,79.0,78,75,5.82,broken clouds,0.0,0.0,75.52
52,Uglovka,RU,58.24,33.51,55.45,96,94,7.94,light rain,0.24,0.0,55.45
53,Barra Do Corda,BR,-5.5,-45.25,79.02,61,99,3.2,overcast clouds,0.0,0.0,79.02
54,Clyde River,CA,70.47,-68.59,59.0,47,75,10.29,broken clouds,0.0,0.0,59.0
55,Vallenar,CL,-28.57,-70.76,65.84,41,35,3.04,scattered clouds,0.0,0.0,65.84
56,Nome,US,64.5,-165.41,71.01,67,1,13.87,clear sky,0.0,0.0,65.32
57,Avarua,CK,-21.21,-159.78,77.0,83,44,10.29,scattered clouds,0.0,0.0,77.0
58,Okhotsk,RU,59.38,143.3,53.76,90,100,2.8,overcast clouds,0.0,0.0,53.76
59,Cayenne,GF,4.93,-52.33,86.0,66,100,8.05,overcast clouds,0.0,0.0,86.0
60,Barrow,US,71.29,-156.79,37.4,74,75,6.93,broken clouds,0.0,0.0,37.4
61,Saskylakh,RU,71.92,114.08,52.21,72,100,18.25,overcast clouds,0.0,0.0,52.21
62,Pevek,RU,69.7,170.31,47.28,90,84,5.44,broken clouds,0.0,0.0,47.28
63,Verkhoyansk,RU,67.54,133.38,69.26,42,4,3.11,clear sky,0.0,0.0,69.26
64,Urumqi,CN,43.8,87.6,75.2,38,67,6.71,broken clouds,0.0,0.0,75.2
65,Saint-Philippe,RE,-21.36,55.77,68.0,68,61,13.87,broken clouds,0.0,0.0,62.51
66,Nikolskoye,RU,59.7,30.79,57.2,87,90,6.71,light intensity shower rain,0.0,0.0,56.03
67,Naze,JP,28.37,129.48,82.4,94,75,8.05,broken clouds,0.0,0.0,82.4
68,Lebu,CL,-37.62,-73.65,49.71,69,65,4.72,broken clouds,0.0,0.0,49.71
69,Cabra,ES,37.47,-4.44,84.0,31,0,6.6,clear sky,0.0,0.0,84.0
70,Te Anau,NZ,-45.42,167.72,42.94,86,99,7.0,light rain,0.25,0.0,42.94
71,Vao,NC,-22.67,167.48,68.16,75,6,19.75,light rain,0.17,0.0,68.16
72,Batsfjord,NO,70.63,29.72,46.4,87,75,4.7,broken clouds,0.0,0.0,46.4
73,Mancio Lima,BR,-7.61,-72.9,81.91,71,35,1.59,scattered clouds,0.0,0.0,81.91
74,Omsukchan,RU,62.53,155.8,60.89,64,79,3.91,broken clouds,0.0,0.0,60.89
75,Karratha,AU,-20.74,116.85,64.74,35,0,17.52,clear sky,0.0,0.0,64.74
76,Albany,US,42.6,-73.97,79.0,82,100,7.58,moderate rain,1.02,0.0,77.77
77,Harper,LR,4.38,-7.72,76.01,79,84,10.74,broken clouds,0.0,0.0,76.01
78,Half Moon Bay,US,37.46,-122.43,80.01,82,1,9.17,clear sky,0.0,0.0,72.36
79,Sault Sainte Marie,CA,46.52,-84.33,71.6,83,90,8.05,overcast clouds,0.0,0.0,69.48
80,Chapais,CA,49.78,-74.85,89.6,49,75,6.93,broken clouds,0.0,0.0,89.6
81,Cidreira,BR,-30.18,-50.21,58.33,82,0,14.65,clear sky,0.0,0.0,58.33
82,Provost,CA,52.35,-110.27,69.6,59,61,12.37,broken clouds,0.0,0.0,69.6
83,Chuy,UY,-33.7,-53.46,52.03,84,89,8.3,overcast clouds,0.0,0.0,52.03
84,Mount Isa,AU,-20.73,139.5,60.8,55,19,8.05,few clouds,0.0,0.0,60.8
85,Vieux-Habitants,GP,16.06,-61.77,86.0,62,40,16.11,scattered clouds,0.0,0.0,86.0
86,Vila,PT,42.03,-8.16,71.01,60,0,12.75,clear sky,0.0,0.0,67.24
87,Atuona,PF,-9.8,-139.03,79.7,78,97,18.95,light rain,0.12,0.0,79.7
88,Bathsheba,BB,13.22,-59.52,84.2,70,40,21.92,scattered clouds,0.0,0.0,84.2
89,Alofi,NU,-19.06,-169.92,75.2,83,88,17.22,overcast clouds,0.0,0.0,75.2
90,Bluff,NZ,-46.6,168.33,48.72,75,91,22.06,light rain,0.13,0.0,48.72
91,Ribeira Grande,PT,38.52,-28.7,71.6,73,40,4.7,scattered clouds,0.0,0.0,71.6
92,Georgetown,MY,5.41,100.34,80.6,94,40,2.24,scattered clouds,0.0,0.0,79.27
93,Road Town,VG,18.42,-64.62,86.0,70,40,11.41,scattered clouds,0.0,0.0,85.39
94,Umm Lajj,SA,25.02,37.27,80.62,65,0,3.33,clear sky,0.0,0.0,80.62
95,Beringovskiy,RU,63.05,179.32,54.72,69,99,2.53,overcast clouds,0.0,0.0,54.72
96,Meulaboh,ID,4.14,96.13,77.45,84,100,5.37,light rain,0.16,0.0,77.45
97,San Cristobal,VE,7.77,-72.22,91.4,38,40,11.41,scattered clouds,0.0,0.0,91.4
98,Umba,RU,66.69,34.34,52.29,85,51,12.08,light rain,0.28,0.0,52.29
99,Tasiilaq,GL,65.61,-37.64,42.8,81,0,6.93,clear sky,0.0,0.0,42.8
100,Qandala,SO,11.47,49.87,93.24,46,100,6.46,overcast clouds,0.0,0.0,93.24
101,Nuuk,GL,64.18,-51.72,51.8,71,20,8.05,few clouds,0.0,0.0,51.8
102,Namibe,AO,-15.2,12.15,60.19,83,0,13.73,clear sky,0.0,0.0,60.19
103,Carnarvon,AU,-24.87,113.63,53.6,50,0,10.29,clear sky,0.0,0.0,53.6
104,Suntar,RU,62.14,117.63,67.23,86,9,3.6,clear sky,0.0,0.0,67.23
105,Kamarion,GR,36.8,25.82,75.0,63,0,11.01,clear sky,0.0,0.0,74.35
106,Kodiak,US,57.79,-152.41,64.4,52,1,6.93,clear sky,0.0,0.0,64.4
107,Clarence Town,AU,-32.58,151.78,54.0,100,75,1.12,drizzle,0.0,0.0,53.17
108,Lompoc,US,34.64,-120.46,73.99,68,0,14.99,clear sky,0.0,0.0,67.93
109,Yar-Sale,RU,66.83,70.83,56.23,70,95,5.03,overcast clouds,0.0,0.0,56.23
110,Sauda,NO,59.65,6.35,54.0,75,51,5.99,broken clouds,0.0,0.0,52.52
111,Mahebourg,MU,-20.41,57.7,69.8,64,75,18.34,shower rain,0.0,0.0,69.8
112,Skerries,IE,53.58,-6.11,55.99,71,75,9.17,broken clouds,0.0,0.0,55.45
113,Airai,TL,-8.93,125.41,57.24,100,45,3.62,scattered clouds,0.0,0.0,57.24
114,Aswan,EG,24.09,32.91,86.97,22,0,8.37,clear sky,0.0,0.0,86.97
115,Ixtapa,MX,20.7,-105.2,89.01,79,75,13.87,broken clouds,0.0,0.0,88.41
116,Novo Aripuana,BR,-5.12,-60.38,82.94,59,45,0.85,scattered clouds,0.0,0.0,82.94
117,Chake Chake,TZ,-5.25,39.77,75.96,79,0,10.96,clear sky,0.0,0.0,75.96
118,Alekseyevka,RU,50.63,38.69,58.17,75,0,4.0,clear sky,0.0,0.0,58.17
119,Galveston,US,29.37,-94.97,93.99,70,1,11.41,clear sky,0.0,0.0,91.89
120,Geraldton,AU,-28.77,114.6,51.8,53,0,18.34,clear sky,0.0,0.0,51.8
121,Minna,NG,9.61,6.56,71.6,94,40,8.05,scattered clouds,0.0,0.0,71.6
122,Tlanchinol,MX,20.98,-98.65,80.1,57,16,5.79,few clouds,0.0,0.0,80.1
123,Narsaq,GL,60.92,-46.05,48.2,93,75,4.7,light intensity drizzle,0.0,0.0,48.2
124,San Jose,US,37.34,-121.89,91.0,20,30,4.0,scattered clouds,0.0,0.0,87.96
125,Tambovka,RU,50.1,128.05,66.2,93,20,2.24,few clouds,0.0,0.0,66.2
126,Zarand,IR,30.81,56.56,72.28,22,0,6.73,clear sky,0.0,0.0,72.28
127,Bambous Virieux,MU,-20.34,57.76,69.8,64,75,18.34,shower rain,0.0,0.0,68.47
128,Karavayevo,RU,55.3,37.96,59.0,76,7,4.47,clear sky,0.0,0.0,57.76
129,Provideniya,RU,64.38,-173.3,57.34,63,96,4.68,overcast clouds,0.0,0.0,57.34
130,Pemba,MZ,-12.97,40.52,73.4,83,20,4.7,few clouds,0.0,0.0,73.2
131,Gorin,RU,51.2,136.67,62.53,82,69,3.85,broken clouds,0.0,0.0,62.53
132,Castro,BR,-24.79,-50.01,55.0,76,35,2.95,scattered clouds,0.0,0.0,55.0
133,Mackay,AU,-21.15,149.2,59.0,93,61,3.36,broken clouds,0.0,0.0,57.94
134,Thompson,CA,55.74,-97.86,68.0,56,75,6.93,broken clouds,0.0,0.0,68.0
135,Kinangan,PH,6.3,125.58,76.95,78,75,3.02,light rain,0.49,0.0,76.95
136,Pangnirtung,CA,66.15,-65.71,48.2,76,75,11.41,broken clouds,0.0,0.0,48.2
137,Poya,NC,-21.35,165.15,68.52,59,37,6.87,scattered clouds,0.0,0.0,68.52
138,Gualaquiza,EC,-3.4,-78.55,64.36,88,93,0.13,overcast clouds,0.0,0.0,64.36
139,Dikson,RU,73.51,80.55,43.41,80,81,15.84,broken clouds,0.0,0.0,43.41
140,Orocue,CO,4.79,-71.34,82.04,78,91,2.53,overcast clouds,0.0,0.0,82.04
141,Spring Hill,US,28.48,-82.53,89.6,62,20,13.87,few clouds,0.0,0.0,88.83
142,Tezu,IN,27.92,96.17,76.64,87,100,0.98,heavy intensity rain,8.63,0.0,76.64
143,Labuhan,ID,-6.88,112.21,75.49,88,100,7.83,overcast clouds,0.0,0.0,75.49
144,Dali,CN,25.7,100.18,63.84,87,100,5.46,light rain,0.21,0.0,63.84
145,Morant Bay,JM,17.88,-76.41,88.0,70,20,28.86,few clouds,0.0,0.0,87.89
146,Torbay,CA,47.67,-52.73,57.99,71,90,6.93,overcast clouds,0.0,0.0,56.16
147,Northam,GB,51.03,-4.22,57.0,82,0,8.01,clear sky,0.0,0.0,54.7
148,Flin Flon,CA,54.77,-101.86,73.4,49,40,5.82,scattered clouds,0.0,0.0,73.4
149,Moree,AU,-29.47,149.85,55.4,87,90,16.11,overcast clouds,0.0,0.0,55.4
150,Koumac,NC,-20.57,164.28,68.45,64,38,6.22,scattered clouds,0.0,0.0,68.45
151,Olafsvik,IS,64.89,-23.71,51.06,81,98,10.27,overcast clouds,0.0,0.0,51.06
152,Carahue,CL,-38.7,-73.17,48.2,81,75,3.36,broken clouds,0.0,0.0,48.2
153,Ilulissat,GL,69.22,-51.1,42.8,87,100,12.75,light intensity drizzle,0.0,0.0,42.8
154,Sarkand,KZ,45.41,79.92,65.52,42,66,6.76,broken clouds,0.0,0.0,65.52
155,Amahai,ID,-3.33,128.92,76.17,88,49,2.89,scattered clouds,0.0,0.0,76.17
156,Petropavlovsk-Kamchatskiy,RU,53.05,158.65,57.2,100,75,4.47,broken clouds,0.0,0.0,57.2
157,Nokha,IN,27.6,73.42,89.28,57,28,24.11,scattered clouds,0.0,0.0,89.28
158,Touros,BR,-5.2,-35.46,77.0,83,0,5.82,clear sky,0.0,0.0,77.0
159,Guia De Isora,ES,28.21,-16.78,75.0,73,20,10.29,few clouds,0.0,0.0,72.01
160,Presidencia Roque Saenz Pena,AR,-26.79,-60.44,70.99,61,14,3.87,few clouds,0.0,0.0,70.99
161,Khatanga,RU,71.97,102.5,53.24,86,98,20.69,light rain,0.4,0.0,53.24
162,Saint-Joseph,RE,-21.37,55.62,68.0,68,28,13.87,scattered clouds,0.0,0.0,61.41
163,Dusti,TJ,37.35,68.66,82.4,26,20,6.71,few clouds,0.0,0.0,82.4
164,Ocean City,US,39.28,-74.57,78.01,88,90,10.29,overcast clouds,0.0,0.0,76.87
165,Jedrzejow,PL,50.64,20.3,77.0,1,76,4.9,light rain,0.39,0.0,73.83
166,Gopalpur,IN,19.27,84.92,83.39,82,100,13.29,moderate rain,1.02,0.0,83.39
167,Havoysund,NO,71.0,24.66,46.4,87,75,8.05,light intensity drizzle,0.0,0.0,46.4
168,Mazagao,BR,-0.12,-51.29,84.2,79,20,10.29,few clouds,0.0,0.0,84.2
169,Hualmay,PE,-11.1,-77.61,65.77,69,34,13.85,scattered clouds,0.0,0.0,65.77
170,Pokrovsk,UA,48.28,37.18,60.78,69,0,5.88,clear sky,0.0,0.0,60.78
171,Przasnysz,PL,53.02,20.88,66.99,93,100,8.05,overcast clouds,0.0,0.0,65.07
172,Palmer,US,42.16,-72.33,82.4,69,75,13.87,light rain,0.25,0.0,79.16
173,Kavieng,PG,-2.57,150.8,82.62,76,97,11.79,overcast clouds,0.0,0.0,82.62
174,Chokurdakh,RU,70.63,147.92,52.39,58,0,9.95,clear sky,0.0,0.0,52.39
175,Coahuayana,MX,18.73,-103.68,84.2,70,40,11.41,scattered clouds,0.0,0.0,84.2
176,Kayerkan,RU,69.35,87.76,51.8,87,0,15.66,clear sky,0.0,0.0,51.8
177,Taga,RO,46.95,24.05,73.0,82,0,3.36,clear sky,0.0,0.0,69.46
178,Fortuna,US,40.6,-124.16,72.0,68,1,14.99,clear sky,0.0,0.0,68.41
179,Katsuura,JP,35.13,140.3,80.01,93,100,5.99,overcast clouds,0.0,0.0,78.1
180,Akdepe,TM,42.06,59.38,77.0,50,0,9.17,clear sky,0.0,0.0,77.0
181,Bethel,US,41.37,-73.41,73.99,94,90,11.41,moderate rain,2.79,0.0,73.17
182,Sorland,NO,67.67,12.69,53.6,81,40,8.05,scattered clouds,0.0,0.0,53.6
183,Esperance,AU,-33.87,121.9,46.4,100,75,3.36,broken clouds,0.0,0.0,46.4
184,Kouqian,CN,43.64,126.46,66.27,76,100,3.8,overcast clouds,0.0,0.0,66.27
185,Pedernales,DO,18.04,-71.74,89.6,62,75,13.87,broken clouds,0.0,0.0,89.6
186,Tuktoyaktuk,CA,69.45,-133.04,42.8,87,90,12.75,overcast clouds,0.0,0.0,42.8
187,Richards Bay,ZA,-28.78,32.04,75.09,42,0,12.44,clear sky,0.0,0.0,75.09
188,Kijang,KR,35.24,129.21,73.4,94,75,1.12,mist,0.0,0.0,73.4
189,Saint-Pierre,RE,-21.34,55.48,68.0,68,6,13.87,clear sky,0.0,0.0,62.06
190,Iwanai,JP,42.97,140.51,66.18,74,100,4.85,overcast clouds,0.0,0.0,66.18
191,Souillac,MU,-20.52,57.52,69.8,64,75,18.34,shower rain,0.0,0.0,69.8
192,Nanortalik,GL,60.14,-45.24,45.09,94,93,7.2,overcast clouds,0.0,0.0,45.09
193,Yueyang,CN,29.33,113.09,76.96,95,100,11.45,light rain,0.61,0.0,76.96
194,Huoqiu,CN,32.34,116.27,74.14,94,100,10.09,moderate rain,1.01,0.0,74.14
195,Corum,TR,40.5,34.75,52.3,92,0,3.44,clear sky,0.0,0.0,52.3
196,Hidalgotitlan,MX,17.78,-94.63,87.8,74,75,11.41,broken clouds,0.0,0.0,87.8
197,Zaraza,VE,9.35,-65.32,77.79,93,100,5.23,light rain,0.75,0.0,77.79
198,Vila Velha,BR,-20.33,-40.29,69.8,83,20,6.93,few clouds,0.0,0.0,69.8
199,Sokoni,TZ,-6.43,39.55,73.4,88,75,10.29,light rain,0.0,0.0,72.79
200,Upernavik,GL,72.79,-56.15,40.82,85,10,22.19,clear sky,0.0,0.0,40.82
201,Aklavik,CA,68.22,-135.01,48.2,81,90,9.17,overcast clouds,0.0,0.0,48.2
202,Uray,RU,60.12,64.78,69.28,89,59,8.34,broken clouds,0.0,0.0,69.28
203,Palermo,IT,37.82,13.58,73.99,76,7,1.61,clear sky,0.0,0.0,70.3
204,Kushiro,JP,42.98,144.37,63.28,89,100,6.13,overcast clouds,0.0,0.0,63.28
205,Sur,OM,22.57,59.53,89.31,56,100,8.63,overcast clouds,0.0,0.0,89.31
206,Powell River,CA,49.85,-124.54,66.2,63,75,19.46,broken clouds,0.0,0.0,65.08
207,Fairbanks,US,64.84,-147.72,66.99,34,1,7.85,clear sky,0.0,0.0,64.89
208,Bucuresci,RO,46.13,22.9,65.35,77,1,3.13,clear sky,0.0,0.0,65.35
209,Andenes,NO,69.31,16.12,51.8,87,12,4.7,few clouds,0.0,0.0,51.8
210,Puro,PH,12.48,123.38,81.09,81,100,5.06,overcast clouds,0.0,0.0,81.09
211,Abu Kamal,SY,34.45,40.92,89.76,22,6,8.9,clear sky,0.0,0.0,89.76
212,Shenjiamen,CN,29.96,122.3,76.8,92,100,3.85,light rain,0.24,0.0,76.8
213,Sooke,CA,48.37,-123.73,62.6,63,40,6.93,scattered clouds,0.0,0.0,60.73
214,Suluq,LY,31.67,20.25,69.51,76,0,7.92,clear sky,0.0,0.0,69.51
215,Gusau,NG,12.16,6.66,74.34,83,100,9.78,moderate rain,2.62,0.0,74.34
216,Belyy Yar,RU,53.6,91.39,55.4,93,76,0.74,broken clouds,0.0,0.0,55.4
217,Abnub,EG,27.27,31.15,86.0,33,0,10.29,clear sky,0.0,0.0,86.0
218,Vestmannaeyjar,IS,63.44,-20.27,51.03,84,94,7.61,overcast clouds,0.0,0.0,51.03
219,San Ramon,US,37.78,-121.98,97.0,23,1,10.29,clear sky,0.0,0.0,92.64
220,Daru,PG,-9.08,143.21,77.63,89,100,17.27,moderate rain,1.44,0.0,77.63
221,Tateyama,JP,34.98,139.87,77.0,100,80,5.01,broken clouds,0.0,0.0,76.3
222,Garowe,SO,8.41,48.48,81.32,55,19,23.64,few clouds,0.0,0.0,81.32
223,Nantucket,US,41.28,-70.1,71.6,94,90,12.75,light rain,0.0,0.0,71.6
224,Mineros,BO,-17.12,-63.23,77.0,69,20,19.46,few clouds,0.0,0.0,77.0
225,Port Hardy,CA,50.7,-127.42,59.0,82,90,4.7,light intensity shower rain,0.0,0.0,59.0
226,Constitucion,CL,-35.33,-72.42,51.64,82,35,7.65,scattered clouds,0.0,0.0,51.64
227,Encruzilhada,BR,-15.53,-40.91,61.88,87,26,4.97,scattered clouds,0.0,0.0,61.88
228,Eenhana,NA,-17.47,16.33,64.4,16,0,5.82,clear sky,0.0,0.0,64.4
229,Bengkulu,ID,-3.8,102.27,75.34,86,100,4.16,overcast clouds,0.0,0.0,75.34
230,Moindou,NC,-21.69,165.68,57.2,82,90,1.12,overcast clouds,0.0,0.0,57.2
231,Maryborough,AU,-25.53,152.7,62.01,94,19,4.0,few clouds,0.0,0.0,62.01
232,Lensk,RU,60.73,114.93,64.83,81,32,1.86,scattered clouds,0.0,0.0,64.83
233,Kahului,US,20.89,-156.47,89.6,46,1,20.8,clear sky,0.0,0.0,81.75
234,Port Elizabeth,ZA,-33.92,25.57,60.8,72,90,10.29,light rain,0.53,0.0,60.8
235,Hithadhoo,MV,-0.6,73.08,83.5,75,97,9.78,overcast clouds,0.0,0.0,83.5
236,Kasempa,ZM,-13.46,25.83,59.86,52,0,2.98,clear sky,0.0,0.0,59.86
237,Mananjary,MG,-21.22,48.33,67.89,89,74,7.14,light rain,0.78,0.0,67.89
238,Birobidzhan,RU,48.8,132.95,64.99,89,35,2.35,scattered clouds,0.0,0.0,64.99
239,Vaitape,PF,-16.52,-151.75,78.75,79,38,22.03,scattered clouds,0.0,0.0,78.75
240,Ponta Do Sol,PT,32.67,-17.1,71.6,78,40,24.16,scattered clouds,0.0,0.0,67.6
241,Nushki,PK,29.55,66.02,74.93,18,0,3.85,clear sky,0.0,0.0,74.93
242,Dongzhen,CN,22.38,110.94,78.84,90,100,5.37,light rain,0.29,0.0,78.84
243,Kalat,PK,29.02,66.59,66.67,23,5,5.39,clear sky,0.0,0.0,66.67
244,Tuatapere,NZ,-46.13,167.68,44.06,82,75,7.05,broken clouds,0.0,0.0,44.06
245,Zhangjiakou,CN,40.81,114.88,62.87,85,95,2.53,overcast clouds,0.0,0.0,62.87
246,Camana,PE,-16.62,-72.71,61.92,71,38,6.51,scattered clouds,0.0,0.0,61.92
247,Boa Vista,BR,2.82,-60.67,87.8,52,40,8.05,scattered clouds,0.0,0.0,87.8
248,Galesong,ID,-5.32,119.37,77.0,100,20,4.7,few clouds,0.0,0.0,77.0
249,Yumen,CN,40.28,97.2,73.58,25,100,4.23,overcast clouds,0.0,0.0,73.58
250,Bardiyah,LY,31.76,25.09,71.71,82,0,8.3,clear sky,0.0,0.0,71.71
251,Port Augusta,AU,-32.5,137.77,44.6,93,94,10.29,overcast clouds,0.0,0.0,44.17
252,Hami,CN,42.8,93.45,81.21,25,100,10.42,overcast clouds,0.0,0.0,81.21
253,San Patricio,MX,19.22,-104.7,89.6,66,40,17.22,scattered clouds,0.0,0.0,89.6
254,Matagami,CA,49.75,-77.63,73.4,88,75,5.82,broken clouds,0.0,0.0,73.4
255,Norman Wells,CA,65.28,-126.83,50.0,93,90,13.87,light rain,0.0,0.0,50.0
256,Katherine,AU,-14.47,132.27,66.2,68,89,5.82,overcast clouds,0.0,0.0,66.2
257,Saint George,US,37.1,-113.58,104.0,6,1,4.7,clear sky,0.0,0.0,102.79
258,Leeton,AU,-34.57,146.4,50.0,100,90,5.82,light rain,0.0,0.0,50.0
259,Bandarbeyla,SO,9.49,50.81,78.67,76,85,33.17,overcast clouds,0.0,0.0,78.67
260,Pimentel,PE,-6.84,-79.93,68.0,64,9,17.22,clear sky,0.0,0.0,68.0
261,Coronel Martinez,PY,-25.75,-56.62,63.68,89,0,5.79,clear sky,0.0,0.0,63.68
262,Gat,IL,31.61,34.76,79.0,73,0,2.53,clear sky,0.0,0.0,73.87
263,Ahipara,NZ,-35.17,173.17,53.94,81,31,3.65,scattered clouds,0.0,0.0,53.94
264,Buraydah,SA,26.33,43.98,89.6,27,3,3.71,clear sky,0.0,0.0,89.6
265,Sao Felix Do Xingu,BR,-6.64,-51.99,81.79,52,0,2.08,clear sky,0.0,0.0,81.79
266,Maku,IR,39.29,44.45,66.0,67,47,1.86,scattered clouds,0.0,0.0,66.0
267,Lodwar,KE,3.12,35.6,84.06,46,92,16.24,overcast clouds,0.0,0.0,84.06
268,Arraial Do Cabo,BR,-22.97,-42.03,71.6,77,6,5.82,clear sky,0.0,0.0,69.51
269,Abu Zabad,SD,12.35,29.25,80.82,52,19,3.74,few clouds,0.0,0.0,80.82
270,Dryden,CA,49.78,-92.75,75.2,50,90,13.87,overcast clouds,0.0,0.0,75.2
271,Kieta,PG,-6.22,155.63,81.82,74,93,5.86,light rain,0.23,0.0,81.82
272,Tual,ID,-5.67,132.75,79.12,87,91,14.07,overcast clouds,0.0,0.0,79.12
273,Laguna,US,38.42,-121.42,100.0,18,1,6.93,clear sky,0.0,0.0,98.6
274,San Isidro,PE,-12.12,-77.05,60.8,77,90,12.75,overcast clouds,0.0,0.0,60.8
275,Tabou,CI,4.42,-7.35,76.3,80,88,11.05,overcast clouds,0.0,0.0,76.3
276,Los Llanos De Aridane,ES,28.66,-17.92,73.4,73,90,18.34,overcast clouds,0.0,0.0,73.4
277,Zharkent,KZ,44.16,80.0,67.69,46,48,1.7,scattered clouds,0.0,0.0,67.69
278,Ledyard,US,41.44,-72.01,77.0,88,75,16.11,broken clouds,0.0,0.0,75.9
279,Mizdah,LY,31.45,12.98,74.19,57,0,18.05,clear sky,0.0,0.0,74.19
280,Bulgan,MN,48.81,103.53,52.5,79,95,1.9,overcast clouds,0.0,0.0,52.5
281,Raudeberg,NO,61.99,5.14,50.0,91,92,9.6,overcast clouds,0.0,0.0,50.0
282,Kakonko,TZ,-3.28,30.96,69.82,63,79,4.12,broken clouds,0.0,0.0,69.82
283,Norden,DE,53.6,7.2,55.4,71,0,5.82,clear sky,0.0,0.0,54.25
284,Betare Oya,CM,5.6,14.08,67.98,96,100,3.15,light rain,0.57,0.0,67.98
285,Kemijarvi,FI,66.71,27.43,47.1,95,75,2.84,broken clouds,0.0,0.0,47.1
286,Sovetskiy,RU,61.36,63.58,72.68,67,73,5.06,broken clouds,0.0,0.0,72.68
287,East London,ZA,-33.02,27.91,69.35,49,47,25.41,scattered clouds,0.0,0.0,69.35
288,Mariano Roque Alonso,PY,-25.17,-57.55,75.2,64,0,10.29,clear sky,0.0,0.0,75.2
289,Salinopolis,BR,-0.61,-47.36,80.71,78,9,13.04,clear sky,0.0,0.0,80.71
290,Saint-Denis,FR,48.92,2.33,63.0,51,14,8.05,few clouds,0.0,0.0,61.43
291,Conakry,GN,9.54,-13.68,78.8,94,75,9.17,light rain,0.0,0.0,78.8
292,Strezhevoy,RU,60.73,77.59,62.6,77,14,4.47,few clouds,0.0,0.0,62.6
293,Dvinskoy,RU,62.15,45.12,53.26,89,0,3.58,clear sky,0.0,0.0,53.26
294,Ambilobe,MG,-13.2,49.05,67.37,73,38,5.23,scattered clouds,0.0,0.0,67.37
295,Balsas,BR,-7.53,-46.04,81.73,42,94,5.39,overcast clouds,0.0,0.0,81.73
296,Aykhal,RU,66.0,111.5,57.2,93,90,2.24,fog,0.0,0.0,57.2
297,Talas,TR,38.69,35.55,64.4,68,2,6.93,clear sky,0.0,0.0,64.4
298,Cravo Norte,CO,6.3,-70.2,81.27,85,99,4.09,moderate rain,2.32,0.0,81.27
299,Nicoya,CR,10.15,-85.45,80.6,88,75,13.87,thunderstorm,0.0,0.0,80.6
300,Port Blair,IN,11.67,92.75,81.79,80,100,8.95,overcast clouds,0.0,0.0,81.79
301,Matay,EG,28.42,30.78,81.73,53,0,15.64,clear sky,0.0,0.0,81.73
302,Paamiut,GL,61.99,-49.67,42.73,97,100,4.36,overcast clouds,0.0,0.0,42.73
303,Westport,US,41.14,-73.36,73.4,94,75,24.16,heavy intensity rain,4.52,0.0,72.34
304,Walvis Bay,NA,-22.96,14.51,60.01,93,66,3.36,broken clouds,0.0,0.0,58.5
305,Beloha,MG,-25.17,45.05,66.97,66,0,8.48,clear sky,0.0,0.0,66.97
306,Loukhi,RU,66.08,33.04,51.37,90,100,10.87,light rain,0.37,0.0,51.37
307,Sumbawanga,TZ,-7.97,31.62,60.8,82,40,4.7,scattered clouds,0.0,0.0,60.8
308,Ambon,ID,-3.7,128.18,79.0,14,73,1.01,light rain,0.42,0.0,79.0
309,Chuzhou,CN,32.32,118.3,77.0,94,100,1.99,light rain,0.75,0.0,77.0
310,Salalah,OM,17.02,54.09,82.4,94,90,9.17,overcast clouds,0.0,0.0,82.4
311,Sabang,ID,5.89,95.32,82.18,76,97,6.31,overcast clouds,0.0,0.0,82.18
312,Meshchovsk,RU,54.32,35.28,56.35,88,27,9.78,scattered clouds,0.0,0.0,56.35
313,Atherton,GB,53.52,-2.49,55.99,76,0,3.0,clear sky,0.0,0.0,55.04
314,Chara,RU,56.91,118.26,73.33,57,6,1.81,clear sky,0.0,0.0,73.33
315,Tura,IN,25.52,90.22,75.65,99,100,6.6,heavy intensity rain,5.68,0.0,75.65
316,Margate,GB,51.38,1.39,61.0,61,2,3.0,clear sky,0.0,0.0,61.0
317,Saint-Augustin,CA,51.23,-58.65,65.08,78,82,14.36,broken clouds,0.0,0.0,65.08
318,Srednekolymsk,RU,67.45,153.68,64.2,62,50,12.95,scattered clouds,0.0,0.0,64.2
319,Kloulklubed,PW,7.04,134.26,79.65,85,100,12.01,moderate rain,2.51,0.0,79.65
320,Varzea Da Palma,BR,-17.6,-44.73,71.04,47,3,4.7,clear sky,0.0,0.0,71.04
321,Bagotville,AU,-28.98,153.42,55.99,100,90,4.7,overcast clouds,0.0,0.0,53.89
322,Kirovskiy,RU,45.09,133.51,62.46,87,86,2.42,overcast clouds,0.0,0.0,62.46
323,Alekseyevsk,RU,57.84,108.35,64.17,81,96,1.95,overcast clouds,0.0,0.0,64.17
324,Opuwo,NA,-18.06,13.84,40.64,70,0,2.93,clear sky,0.0,0.0,40.64
325,Berlevag,NO,70.86,29.09,46.4,87,75,10.29,broken clouds,0.0,0.0,46.4
326,Lazaro Cardenas,MX,17.96,-102.2,87.04,70,85,14.5,overcast clouds,0.0,0.0,87.04
327,Likasi,CD,-10.98,26.73,59.2,58,0,2.75,clear sky,0.0,0.0,59.2
328,Baie-Comeau,CA,49.22,-68.15,66.2,82,1,11.41,clear sky,0.0,0.0,66.2
329,Espanola,US,35.99,-106.08,95.0,9,1,18.34,clear sky,0.0,0.0,93.4
330,Slatina,RO,44.43,24.37,69.8,56,0,6.93,clear sky,0.0,0.0,69.8
331,Kaka,TM,37.35,59.61,84.99,24,1,8.05,clear sky,0.0,0.0,84.99
332,Chifeng,CN,42.27,118.96,68.05,72,48,3.15,scattered clouds,0.0,0.0,68.05
333,Kruisfontein,ZA,-34.0,24.73,55.9,76,100,5.01,light rain,0.41,0.0,55.9
334,Ngorongoro,TZ,-3.24,35.49,48.61,97,0,5.86,clear sky,0.0,0.0,48.61
335,Bonthe,SL,7.53,-12.51,76.24,87,100,10.87,light rain,0.77,0.0,76.24
336,Male,MV,4.17,73.51,83.53,76,100,11.74,light rain,0.17,0.0,83.53
337,Asau,RO,46.43,26.4,64.0,87,0,3.53,clear sky,0.0,0.0,64.0
338,Anadyr,RU,64.75,177.48,55.4,87,20,2.24,few clouds,0.0,0.0,55.18
339,Kendari,ID,-3.94,122.5,73.15,95,100,3.53,overcast clouds,0.0,0.0,73.15
340,Pathein,MM,16.78,94.73,79.11,89,97,3.87,overcast clouds,0.0,0.0,79.11
341,College,US,64.86,-147.8,66.99,37,40,8.05,scattered clouds,0.0,0.0,64.85
342,Yulara,AU,-25.24,130.99,44.6,65,48,5.82,scattered clouds,0.0,0.0,44.6
343,Sao Filipe,CV,14.9,-24.5,74.97,84,27,10.18,scattered clouds,0.0,0.0,74.97
344,Neiafu,TO,-18.65,-173.98,78.8,69,40,13.87,scattered clouds,0.0,0.0,78.8
345,Praia Da Vitoria,PT,38.73,-27.07,69.8,77,20,6.64,few clouds,0.0,0.0,69.8
346,Talnakh,RU,69.49,88.4,51.8,87,0,15.66,clear sky,0.0,0.0,51.8
347,Kilosa,TZ,-6.83,36.98,66.9,89,98,2.59,light rain,0.32,0.0,66.9
348,Parati,BR,-23.22,-44.71,69.8,60,20,5.82,few clouds,0.0,0.0,69.8
349,Sambava,MG,-14.27,50.17,71.71,82,15,14.76,light rain,0.36,0.0,71.71
350,Necochea,AR,-38.55,-58.74,44.01,81,71,3.0,broken clouds,0.0,0.0,44.01
351,Honningsvag,NO,70.98,25.97,46.4,87,75,8.05,light intensity drizzle,0.0,0.0,46.4
352,Lamego,PT,41.1,-7.81,80.01,49,0,5.99,clear sky,0.0,0.0,78.26
353,Loviisa,FI,60.46,26.23,50.0,92,99,4.97,light rain,0.25,0.0,50.0
354,Irbeyskoye,RU,55.64,95.45,51.66,94,43,6.62,scattered clouds,0.0,0.0,51.66
355,Algeciras,ES,36.13,-5.45,71.6,83,0,6.93,clear sky,0.0,0.0,71.6
356,Cananeia,BR,-25.01,-47.93,62.01,78,75,6.11,broken clouds,0.0,0.0,62.01
357,General Pico,AR,-35.66,-63.76,47.97,50,49,7.65,scattered clouds,0.0,0.0,47.97
358,Ukiah,US,39.15,-123.21,96.8,16,1,6.93,clear sky,0.0,0.0,94.15
359,Reo,BF,12.32,-2.47,83.53,62,100,13.53,overcast clouds,0.0,0.0,83.53
360,Waipawa,NZ,-41.41,175.52,48.2,81,0,13.87,clear sky,0.0,0.0,47.3
361,Lenger,KZ,42.18,69.88,69.8,52,27,4.47,scattered clouds,0.0,0.0,69.8
362,Yatou,CN,37.15,122.38,70.68,74,52,0.6,broken clouds,0.0,0.0,70.68
363,Garden City,US,42.33,-83.33,80.01,88,90,8.84,thunderstorm,0.25,0.0,77.94
364,Wonthaggi,AU,-38.6,145.59,46.99,92,99,4.5,overcast clouds,0.0,0.0,44.53
365,Miracatu,BR,-24.28,-47.46,59.67,84,99,3.06,overcast clouds,0.0,0.0,59.67
366,Rafaela,AR,-31.25,-61.49,61.0,48,91,4.0,overcast clouds,0.0,0.0,60.6
367,Shadegan,IR,30.65,48.66,95.0,47,42,9.17,scattered clouds,0.0,0.0,95.0
368,Skelleftea,SE,64.75,20.95,53.6,93,91,3.36,overcast clouds,0.0,0.0,50.77
369,Novyy Urengoy,RU,66.08,76.63,56.3,71,0,9.98,clear sky,0.0,0.0,56.3
370,Gamba,GA,-2.65,10.0,73.17,87,98,6.91,overcast clouds,0.0,0.0,73.17
371,Dunedin,NZ,-45.87,170.5,46.0,58,35,1.99,scattered clouds,0.0,0.0,44.64
372,Bismarck,US,46.81,-100.78,82.0,51,20,4.7,few clouds,0.0,0.0,79.95
373,Sechura,PE,-5.56,-80.82,69.53,65,20,18.79,few clouds,0.0,0.0,69.53
374,Capaci,IT,38.17,13.24,79.0,74,2,4.7,clear sky,0.0,0.0,77.07
375,Rio Gallegos,AR,-51.62,-69.22,32.0,89,100,10.29,overcast clouds,0.0,0.0,32.0
376,Pisco,PE,-13.7,-76.22,66.2,63,6,17.22,clear sky,0.0,0.0,65.68
377,Polillo,PH,14.71,121.94,81.32,80,100,2.93,overcast clouds,0.0,0.0,81.32
378,Sao Gabriel Da Cachoeira,BR,-0.13,-67.09,88.25,59,94,2.84,overcast clouds,0.0,0.0,88.25
379,Zabol,AF,32.25,67.25,63.21,26,0,2.53,clear sky,0.0,0.0,63.21
380,Iskateley,RU,67.68,53.15,56.07,83,43,8.25,scattered clouds,0.0,0.0,56.07
381,Sandakan,MY,5.84,118.12,77.0,94,20,1.12,few clouds,0.0,0.0,77.0
382,Aksarka,RU,66.56,67.8,54.25,64,42,1.3,scattered clouds,0.0,0.0,54.25
383,Tuscaloosa,US,33.21,-87.57,93.2,52,1,8.05,clear sky,0.0,0.0,91.58
384,Flagstaff,US,35.2,-111.65,91.0,23,1,8.05,clear sky,0.0,0.0,87.44
385,Brae,GB,60.4,-1.35,50.0,81,97,8.05,overcast clouds,0.0,0.0,50.0
386,Zaqatala,AZ,41.63,46.64,66.2,100,75,2.24,mist,0.0,0.0,66.2
387,Srikakulam,IN,18.3,83.9,82.58,78,100,6.82,overcast clouds,0.0,0.0,82.58
388,Aginskoye,RU,51.1,114.53,65.03,74,90,8.61,overcast clouds,0.0,0.0,65.03
389,Zhangye,CN,38.93,100.45,74.1,24,100,4.59,overcast clouds,0.0,0.0,74.1
390,San Pedro,PH,14.35,121.02,81.0,86,100,4.07,overcast clouds,0.0,0.0,80.04
391,Hasaki,JP,35.73,140.83,81.0,83,75,13.87,broken clouds,0.0,0.0,80.55
392,Port Hedland,AU,-20.32,118.57,68.0,24,0,14.99,clear sky,0.0,0.0,68.0
393,Limbang,MY,4.75,115.0,75.2,94,75,4.7,broken clouds,0.0,0.0,75.09
394,Lamu,KE,-2.27,40.9,73.4,94,1,13.78,clear sky,0.0,0.0,73.4
395,Aljezur,PT,37.32,-8.8,82.99,44,0,7.61,clear sky,0.0,0.0,81.55
396,Tiksi,RU,71.69,128.87,40.6,89,100,7.76,overcast clouds,0.0,0.0,40.6
397,Contamana,PE,-7.33,-75.02,85.57,57,4,2.73,clear sky,0.0,0.0,85.57
398,Altay,CN,47.87,88.12,59.23,53,0,3.15,clear sky,0.0,0.0,59.23
399,Key West,US,24.56,-81.78,93.2,67,75,10.29,broken clouds,0.0,0.0,89.71
400,Liverpool,GB,53.41,-2.98,57.2,76,20,12.75,few clouds,0.0,0.0,56.44
401,Saint-Francois,FR,46.42,3.91,68.0,60,74,11.41,broken clouds,0.0,0.0,67.08
402,Qui Nhon,VN,13.77,109.23,80.19,79,97,4.47,overcast clouds,0.0,0.0,80.19
403,Usinsk,RU,65.99,57.53,66.11,95,67,14.25,moderate rain,1.24,0.0,66.11
404,Mama,RU,58.31,112.9,66.15,75,76,3.38,broken clouds,0.0,0.0,66.15
405,Charters Towers,AU,-20.1,146.27,61.65,89,38,6.08,scattered clouds,0.0,0.0,61.65
406,Trincomalee,LK,8.57,81.23,79.65,81,100,15.19,overcast clouds,0.0,0.0,79.65
407,Asyut,EG,27.18,31.18,86.0,33,0,10.29,clear sky,0.0,0.0,86.0
408,Gander,CA,48.97,-54.59,64.4,77,75,3.36,shower rain,0.0,0.0,64.18
409,Chulym,RU,55.1,80.96,55.0,94,12,6.49,few clouds,0.0,0.0,55.0
410,Grindavik,IS,63.84,-22.43,48.2,87,90,11.41,light intensity drizzle,0.0,0.0,48.2
411,Dano,BF,11.15,-3.07,78.13,76,61,6.85,broken clouds,0.0,0.0,78.13
412,Poum,NC,-20.23,164.02,68.61,70,40,12.15,scattered clouds,0.0,0.0,68.61
413,Longyearbyen,SJ,78.22,15.64,46.4,87,75,10.29,light intensity drizzle,0.0,0.0,46.4
414,Novochernorechenskiy,RU,56.27,91.08,48.02,97,7,6.73,clear sky,0.0,0.0,48.02
415,Nueve De Julio,AR,-35.44,-60.88,54.0,61,46,4.0,scattered clouds,0.0,0.0,54.0
416,Gedo,ET,9.02,37.45,50.34,97,77,0.69,broken clouds,0.0,0.0,50.34
417,Portoferraio,IT,42.81,10.31,78.01,76,92,1.99,overcast clouds,0.0,0.0,75.97
418,Windhoek,NA,-22.56,17.08,44.6,89,30,5.82,scattered clouds,0.0,0.0,44.6
419,Qaqortoq,GL,60.72,-46.03,48.2,93,75,4.7,light intensity drizzle,0.0,0.0,48.2
420,Belaya Gora,RU,68.53,146.42,67.55,51,5,5.88,clear sky,0.0,0.0,67.55
421,Haines Junction,CA,60.75,-137.51,63.1,39,100,5.12,overcast clouds,0.0,0.0,63.1
422,Goalpara,IN,26.17,90.62,78.46,95,100,8.05,moderate rain,2.93,0.0,78.46
423,Punto Fijo,VE,11.7,-70.2,82.78,68,94,29.26,overcast clouds,0.0,0.0,82.78
424,Cap Malheureux,MU,-19.98,57.61,66.99,78,55,14.0,light rain,0.51,0.0,66.99
425,Sinnamary,GF,5.38,-52.95,81.5,83,87,11.36,light rain,0.2,0.0,81.5
426,Corcoran,US,36.1,-119.56,100.0,25,1,8.05,clear sky,0.0,0.0,99.01
427,Bajil,YE,15.06,43.29,87.96,54,30,5.17,scattered clouds,0.0,0.0,87.96
428,Cooma,AU,-36.23,149.13,32.0,89,90,6.93,overcast clouds,0.0,0.0,32.0
429,Arman,RU,59.7,150.17,55.18,85,97,1.5,overcast clouds,0.0,0.0,55.18
430,Kaputa,ZM,-8.47,29.66,68.14,79,15,3.62,few clouds,0.0,0.0,68.14
431,Sindor,RU,62.86,51.89,59.38,73,33,6.8,scattered clouds,0.0,0.0,59.38
432,Nyazepetrovsk,RU,56.05,59.6,66.76,89,0,2.35,clear sky,0.0,0.0,66.76
433,Boca Do Acre,BR,-8.75,-67.4,82.04,61,25,1.5,scattered clouds,0.0,0.0,82.04
434,Nosy Varika,MG,-20.58,48.53,68.99,88,87,7.99,light rain,0.97,0.0,68.99
435,Alpinopolis,BR,-20.86,-46.39,64.99,67,37,3.09,scattered clouds,0.0,0.0,64.99
436,Tyukhtet,RU,56.54,89.3,48.67,97,5,7.14,clear sky,0.0,0.0,48.67
437,Lodja,CD,-3.48,23.43,80.47,39,70,1.43,broken clouds,0.0,0.0,80.47
438,Nelson Bay,AU,-32.72,152.15,54.0,100,75,1.12,drizzle,0.0,0.0,53.82
439,Arvika,SE,59.66,12.59,55.4,82,100,6.93,overcast clouds,0.0,0.0,53.87
440,Jalu,LY,29.03,21.55,82.56,36,0,14.52,clear sky,0.0,0.0,82.56
441,Hirara,JP,24.8,125.28,84.09,83,14,10.49,few clouds,0.0,0.0,84.09
442,Amazar,RU,53.86,120.88,70.79,67,12,1.14,few clouds,0.0,0.0,70.79
443,Calabozo,VE,8.92,-67.43,82.56,82,23,5.19,light rain,0.28,0.0,82.56
444,Bhakkar,PK,31.63,71.07,101.71,26,0,4.56,clear sky,0.0,0.0,101.71
445,Mount Gambier,AU,-37.83,140.77,48.2,100,90,5.82,light intensity shower rain,0.0,0.0,48.2
446,Sola,VU,-13.88,167.55,80.24,82,19,23.8,light rain,0.25,0.0,80.24
447,Buxton,GB,53.26,-1.91,53.01,90,10,1.99,clear sky,0.0,0.0,51.91
448,Lichinga,MZ,-13.31,35.24,60.01,82,0,5.82,clear sky,0.0,0.0,59.49
449,Matara,LK,5.95,80.54,79.11,86,100,10.25,light rain,0.16,0.0,79.11
450,Sungaipenuh,ID,-2.08,101.38,63.21,94,50,2.51,light rain,0.44,0.0,63.21
451,Soyo,AO,-6.13,12.37,73.17,83,96,11.54,overcast clouds,0.0,0.0,73.17
452,Iringa,TZ,-7.77,35.7,64.4,63,40,11.41,scattered clouds,0.0,0.0,64.4
453,Mossendjo,CG,-2.95,12.73,70.52,89,94,4.97,overcast clouds,0.0,0.0,70.52
454,Limoeiro Do Ajuru,BR,-1.9,-49.38,78.8,86,98,7.36,light rain,0.6,0.0,78.8
455,Rawson,AR,-43.3,-65.1,42.96,60,0,16.87,clear sky,0.0,0.0,42.96
456,San Felipe,VE,10.34,-68.74,76.86,82,70,5.48,light rain,0.29,0.0,76.86
457,Humboldt,US,40.67,-123.92,72.0,68,1,14.99,clear sky,0.0,0.0,67.84
458,Catemaco,MX,18.42,-95.12,87.8,74,75,11.41,broken clouds,0.0,0.0,87.8
459,Sorong,ID,-0.88,131.25,77.13,89,15,7.11,few clouds,0.0,0.0,77.13
460,Coquimbo,CL,-29.95,-71.34,57.2,82,58,11.41,broken clouds,0.0,0.0,57.2
461,Plaisance-Du-Touch,FR,43.57,1.3,68.0,82,90,12.75,overcast clouds,0.0,0.0,67.33
462,Hay River,CA,60.82,-115.8,69.8,64,40,5.82,scattered clouds,0.0,0.0,69.8
463,Yarkovo,RU,57.4,67.08,63.7,73,2,4.03,clear sky,0.0,0.0,63.7
464,Arroyo,ES,41.61,-4.8,66.0,77,0,19.46,clear sky,0.0,0.0,64.62
465,Kaeo,NZ,-35.1,173.78,48.99,3,2,2.8,clear sky,0.0,0.0,48.99
466,Bilibino,RU,68.05,166.44,66.58,55,100,2.24,overcast clouds,0.0,0.0,66.58
467,Lagos,NG,6.58,3.75,78.8,88,20,2.24,few clouds,0.0,0.0,78.8
468,Quelimane,MZ,-17.88,36.89,67.3,94,0,4.85,clear sky,0.0,0.0,67.3
469,Maceio,BR,-9.67,-35.74,77.0,78,20,4.7,few clouds,0.0,0.0,77.0
470,Port Lincoln,AU,-34.73,135.87,49.93,74,12,12.59,few clouds,0.0,0.0,49.93
471,Luebo,CD,-5.35,21.42,73.81,44,24,0.16,few clouds,0.0,0.0,73.81
472,Tautira,PF,-17.73,-149.15,84.2,54,20,5.82,few clouds,0.0,0.0,84.2
473,Carutapera,BR,-1.2,-46.02,79.66,79,15,7.72,few clouds,0.0,0.0,79.66
474,Kirakira,SB,-10.45,161.92,79.5,82,100,12.95,overcast clouds,0.0,0.0,79.5
475,Loikaw,MM,19.67,97.21,69.04,90,100,2.55,overcast clouds,0.0,0.0,69.04
476,Solton,RU,52.84,86.48,52.18,95,64,0.85,broken clouds,0.0,0.0,52.18
477,Victoria,HK,22.29,114.16,84.99,83,100,13.0,overcast clouds,0.0,0.0,83.43
478,Terrace Bay,CA,48.78,-87.1,68.0,77,75,3.36,broken clouds,0.0,0.0,68.0
479,Maniitsoq,GL,65.42,-52.9,41.95,86,10,1.97,clear sky,0.0,0.0,41.95
480,Inhambane,MZ,-23.86,35.38,69.15,85,0,12.17,clear sky,0.0,0.0,69.15
481,Caravelas,BR,-17.71,-39.25,72.14,81,33,6.33,scattered clouds,0.0,0.0,72.14
482,Soke,ML,13.6,-5.94,91.67,41,100,8.52,light rain,0.17,0.0,91.67
483,Jacobina,BR,-11.18,-40.52,68.45,85,27,6.53,scattered clouds,0.0,0.0,68.45
484,Den Helder,NL,52.96,4.76,57.99,76,75,5.82,broken clouds,0.0,0.0,55.96
485,Kurume,JP,33.32,130.52,77.0,94,75,4.7,broken clouds,0.0,0.0,75.87
486,Qasigiannguit,GL,68.82,-51.19,42.8,87,100,12.75,light intensity drizzle,0.0,0.0,42.8
487,Morwell,AU,-38.23,146.4,42.01,98,85,1.03,overcast clouds,0.0,0.0,42.01
488,Cheremukhovo,RU,60.35,59.99,69.75,76,99,4.12,overcast clouds,0.0,0.0,69.75
489,Vostok,RU,46.49,135.88,54.81,94,0,2.75,clear sky,0.0,0.0,54.81
490,Otofuke,JP,42.99,143.2,64.72,84,100,1.72,overcast clouds,0.0,0.0,64.72
491,Ojinaga,MX,29.57,-104.42,104.0,17,1,5.82,clear sky,0.0,0.0,104.0
492,Ust-Shonosha,RU,61.15,41.34,52.03,81,7,3.89,clear sky,0.0,0.0,52.03
493,Kalmunai,LK,7.42,81.82,79.27,81,100,4.21,overcast clouds,0.0,0.0,79.27
494,Ossora,RU,59.24,163.07,52.77,88,99,9.17,overcast clouds,0.0,0.0,52.77
495,Wanaka,NZ,-44.7,169.15,34.0,87,100,1.01,overcast clouds,0.0,0.0,34.0
496,Chirilagua,SV,13.22,-88.14,91.4,74,40,4.7,scattered clouds,0.0,0.0,85.37
497,Nemuro,JP,43.32,145.57,59.25,87,100,4.05,overcast clouds,0.0,0.0,59.25
498,Paraiso,CR,9.84,-83.87,75.2,73,40,2.24,scattered clouds,0.0,0.0,74.3
499,Nishihara,JP,26.18,127.76,82.4,94,20,8.05,few clouds,0.0,0.0,82.27
500,Salmas,IR,38.2,44.77,66.2,68,40,4.7,scattered clouds,0.0,0.0,66.2
501,Arrecife,ES,28.96,-13.55,73.4,73,20,19.46,few clouds,0.0,0.0,73.4
502,Atar,MR,20.52,-13.05,95.29,23,0,8.84,clear sky,0.0,0.0,95.29
503,Plainview,US,40.78,-73.47,77.0,99,99,7.0,moderate rain,2.41,0.0,75.24
504,Tessalit,ML,20.2,1.01,88.79,37,80,4.92,broken clouds,0.0,0.0,88.79
505,Prince Rupert,CA,54.32,-130.32,55.4,87,90,13.87,light rain,0.0,0.0,55.4
506,Erzin,TR,36.96,36.2,79.0,86,45,1.66,scattered clouds,0.0,0.0,79.0
507,Glenwood Springs,US,39.55,-107.32,88.0,12,1,8.05,clear sky,0.0,0.0,81.37
508,Kargasok,RU,59.06,80.86,55.81,95,0,7.9,clear sky,0.0,0.0,55.81
509,Shambu,ET,9.57,37.1,50.83,98,95,1.92,overcast clouds,0.0,0.0,50.83
510,Ayr,GB,55.46,-4.63,55.4,76,40,16.11,scattered clouds,0.0,0.0,54.41
511,Ayagoz,KZ,47.97,80.44,63.57,77,29,7.2,scattered clouds,0.0,0.0,63.57
512,Chinsali,ZM,-10.54,32.08,58.41,89,28,4.05,scattered clouds,0.0,0.0,58.41
513,Kelo,TD,9.31,15.81,76.17,77,90,4.5,overcast clouds,0.0,0.0,76.17
514,Riyadh,SA,24.69,46.72,93.2,15,0,5.82,clear sky,0.0,0.0,93.2
515,Tianpeng,CN,30.99,103.94,75.99,1,100,3.29,overcast clouds,0.0,0.0,75.99
516,Aras,ES,42.56,-2.36,68.0,68,90,5.82,overcast clouds,0.0,0.0,68.0
517,Monrovia,LR,6.3,-10.8,77.0,83,75,5.82,broken clouds,0.0,0.0,77.0
518,Krasnoselkup,RU,65.7,82.47,55.92,73,0,11.54,clear sky,0.0,0.0,55.92
519,Kholm,RU,59.27,32.85,54.99,96,100,8.68,light rain,0.29,0.0,54.99
520,Gudermes,RU,43.36,46.11,75.2,78,97,6.71,overcast clouds,0.0,0.0,75.2
521,Semirom,IR,31.42,51.57,59.52,33,0,2.84,clear sky,0.0,0.0,59.52
522,Polis,CY,35.04,32.43,77.0,88,20,3.36,few clouds,0.0,0.0,73.62
523,Qianan,CN,44.99,124.06,72.18,68,100,6.58,overcast clouds,0.0,0.0,72.18
524,Yabluniv,UA,48.4,24.94,63.9,76,0,4.34,clear sky,0.0,0.0,63.9
525,Hambantota,LK,6.12,81.12,80.74,81,100,15.9,overcast clouds,0.0,0.0,80.74
526,Manaia,NZ,-39.55,174.13,57.0,73,32,1.99,scattered clouds,0.0,0.0,53.01
527,Loa Janan,ID,-0.58,117.09,73.18,98,100,2.21,overcast clouds,0.0,0.0,73.18
528,Chievres,BE,50.59,3.81,57.2,82,0,1.12,clear sky,0.0,0.0,56.25
529,Ust-Kulom,RU,61.69,53.69,60.04,95,96,6.42,moderate rain,1.2,0.0,60.04
530,Ustka,PL,54.58,16.86,56.12,80,97,17.0,overcast clouds,0.0,0.0,56.12
531,Sitio Novo Do Tocantins,BR,-5.52,-47.46,81.48,55,100,4.07,overcast clouds,0.0,0.0,81.48
532,Kyra,RU,49.58,111.98,59.04,88,72,4.34,broken clouds,0.0,0.0,59.04
533,Casino,AU,-28.87,153.05,55.0,93,98,1.99,overcast clouds,0.0,0.0,51.93
534,Bontang,ID,0.13,117.5,75.88,93,100,2.84,moderate rain,1.73,0.0,75.88
535,Comodoro Rivadavia,AR,-45.87,-67.5,42.8,56,40,9.17,scattered clouds,0.0,0.0,42.8
536,Lata,PT,40.16,-8.33,75.0,56,0,4.0,clear sky,0.0,0.0,70.12
537,Sangmelima,CM,2.93,11.98,67.33,98,100,3.94,overcast clouds,0.0,0.0,67.33
538,Avera,US,33.19,-82.53,93.2,52,40,6.93,scattered clouds,0.0,0.0,92.1
539,Nhulunbuy,AU,-12.23,136.77,77.0,83,75,10.29,broken clouds,0.0,0.0,77.0
540,Liberal,US,37.04,-100.92,91.4,46,75,11.41,broken clouds,0.0,0.0,91.4
541,Barahona,DO,18.21,-71.1,89.6,62,75,13.87,broken clouds,0.0,0.0,89.6
542,Luanda,AO,-8.84,13.23,71.6,88,20,9.17,few clouds,0.0,0.0,71.6
543,Tiarei,PF,-17.53,-149.33,84.2,54,20,5.82,few clouds,0.0,0.0,84.2
544,Puerto Quijarro,BO,-17.78,-57.77,77.79,48,5,2.24,clear sky,0.0,0.0,77.79
545,Maragua,KE,-0.78,37.13,57.2,87,51,5.82,broken clouds,0.0,0.0,54.12
546,Tomatlan,MX,19.93,-105.25,90.95,54,78,8.84,broken clouds,0.0,0.0,90.95
547,Amapa,BR,1.0,-52.0,74.08,96,71,1.63,light rain,0.13,0.0,74.08
548,Torbat-E Jam,IR,35.24,60.62,79.52,27,0,22.57,clear sky,0.0,0.0,79.52
549,Kualakapuas,ID,-3.01,114.39,75.2,100,90,1.12,overcast clouds,0.0,0.0,75.2
550,Jiaozuo,CN,35.24,113.23,77.27,74,100,9.6,light rain,0.12,0.0,77.27
551,Guerrero Negro,MX,27.98,-114.06,88.48,26,0,14.29,clear sky,0.0,0.0,88.48
552,Delijan,IR,33.99,50.68,79.66,18,26,3.69,scattered clouds,0.0,0.0,79.66
553,Karla,EE,59.37,24.93,55.99,87,40,3.36,scattered clouds,0.0,0.0,54.82
554,Posevnaya,RU,54.3,83.33,51.12,95,1,4.68,clear sky,0.0,0.0,51.12
555,Sokolo,ML,14.73,-6.12,95.86,31,100,8.12,overcast clouds,0.0,0.0,95.86
556,Port-Cartier,CA,50.03,-66.87,63.0,93,90,11.41,mist,0.0,0.0,62.8
557,Yanam,IN,16.73,82.22,79.74,86,100,2.98,overcast clouds,0.0,0.0,79.74
558,Tainan,TW,22.99,120.21,81.0,72,75,10.29,moderate rain,0.0,0.0,81.0
559,Shache,CN,38.42,77.24,80.24,21,97,23.24,overcast clouds,0.0,0.0,80.24
560,Shelburne,CA,44.08,-80.2,89.6,52,1,4.7,clear sky,0.0,0.0,85.44
561,General Roca,AR,-39.03,-67.58,51.8,34,0,12.75,clear sky,0.0,0.0,51.8
562,Komsomolskiy,UZ,40.43,71.72,69.8,64,90,11.41,thunderstorm with light rain,0.0,0.0,69.8
563,Alberton,CA,46.82,-64.07,70.68,83,2,10.29,clear sky,0.0,0.0,70.68
564,Emporia,US,38.4,-96.18,89.6,52,1,8.05,clear sky,0.0,0.0,89.6
565,Saldanha,ZA,-33.01,17.94,51.8,81,82,6.93,light rain,0.94,0.0,51.8
566,Pingliang,CN,35.54,106.69,63.68,86,100,2.59,light rain,0.61,0.0,63.68
